Planning,Exploitation,Learning,Equity,Equality,General
1,4.41920438736742e-168,4.41920438736742e-168,4.41920438736742e-168,4.41920438736742e-168,4.41920438736742e-168
