Planning,Exploitation,Learning,Equity,Equality,General
1,7.36862303522412e-225,7.36862303522412e-225,7.36862303522412e-225,7.36862303522412e-225,7.36862303522412e-225
